Instructor_ID,Fisrt_Name,Last_Name,Birth_Date,City,Email,Password
1,Ahmed,Hassan,01/01/1965,Cairo,Ahmed Hassan@gmail.com,Edyc6EC8!&
2,Hany,Magdy,3/18/1973,Mansoura,Hany Magdy@gmail.com,dE3kDr4PZa
3,Reham,Saleh,10/15/1970,Cairo,Reham Saleh@gmail.com,zeIxilI
4,Yasmin,Mohamed,9/14/1963,Alex,Yasmin Mohamed@gmail.com,o45xIBmzV!
5,Amany,Moahmed,8/19/1972,Alex,Amany Moahmed@gmail.com,dd4MZuSK
6,Eman,Farouk,06/04/1980,Cairo,Eman Farouk@gmail.com,OmvubLDuy
7,Saly,Hussien,12/06/1982,Alex,Saly Hussien@gmail.com,2i5FibH!nL
8,Amr,Fars,01/02/1975,Cairo,Amr Fars@gmail.com,z2lu2sc06
9,Hussien,Ahmed,8/19/1972,Mansoura,Hussien Ahmed@gmail.com,zjTsPlsqh
10,Khalid,Ali,06/04/1985,sohag,Khalid Ali@gmail.com,R4B58TNW5
11,Salah,Ahmed,12/06/1992,luxor,Salah Ahmed@gmail.com,DQ@NwFtV
12,Adel,Omar,01/02/1995,qena,Adel Omar@gmail.com,2JRRjEYhWQ
13,Fakry,Hussien,8/19/1982,Cairo,Fakry Hussien@gmail.com,ZbF#0j$6
14,Amena,Saleh,06/04/1990,Alex,Amena Saleh@gmail.com,VX1WL3@w
15,Ghada,sayed,12/06/1997,Alex,Ghada sayed@gmail.com,BlDc!pVX
